-- --------------------------------------------------------
-- Host:                         127.0.0.1
-- Server version:               5.7.33 - MySQL Community Server (GPL)
-- Server OS:                    Win64
-- HeidiSQL Version:             11.2.0.6213
-- --------------------------------------------------------

/*!40101 SET @OLD_CHARACTER_SET_CLIENT=@@CHARACTER_SET_CLIENT */;
/*!40101 SET NAMES utf8 */;
/*!50503 SET NAMES utf8mb4 */;
/*!40014 SET @OLD_FOREIGN_KEY_CHECKS=@@FOREIGN_KEY_CHECKS, FOREIGN_KEY_CHECKS=0 */;
/*!40101 SET @OLD_SQL_MODE=@@SQL_MODE, SQL_MODE='NO_AUTO_VALUE_ON_ZERO' */;
/*!40111 SET @OLD_SQL_NOTES=@@SQL_NOTES, SQL_NOTES=0 */;


-- Dumping database structure for systemdb
CREATE DATABASE IF NOT EXISTS `systemdb` /*!40100 DEFAULT CHARACTER SET latin1 */;
USE `systemdb`;

-- Dumping structure for table systemdb.activations
CREATE TABLE IF NOT EXISTS `activations` (
  `id` int(10) unsigned NOT NULL AUTO_INCREMENT,
  `user_id` int(10) unsigned NOT NULL,
  `code` varchar(255) COLLATE utf8_unicode_ci NOT NULL,
  `completed` tinyint(1) NOT NULL DEFAULT '0',
  `completed_at` timestamp NULL DEFAULT NULL,
  `created_at` timestamp NULL DEFAULT NULL,
  `updated_at` timestamp NULL DEFAULT NULL,
  PRIMARY KEY (`id`)
) ENGINE=InnoDB AUTO_INCREMENT=18 DEFAULT CHARSET=utf8 COLLATE=utf8_unicode_ci;

-- Dumping data for table systemdb.activations: ~2 rows (approximately)
/*!40000 ALTER TABLE `activations` DISABLE KEYS */;
INSERT INTO `activations` (`id`, `user_id`, `code`, `completed`, `completed_at`, `created_at`, `updated_at`) VALUES
	(1, 1, 'RCsr7Qt1bBMqFwlW4bBVvtu02UBBQ0hr', 1, '2015-07-11 11:39:31', '2015-07-11 11:39:31', '2015-07-11 11:39:31'),
	(17, 0, 'FRmaVbTHdmttMdoHpHWHCql4xWNLUEvL', 1, '2022-07-20 20:56:51', '2022-07-20 20:56:51', '2022-07-20 20:56:51');
/*!40000 ALTER TABLE `activations` ENABLE KEYS */;

-- Dumping structure for table systemdb.customer
CREATE TABLE IF NOT EXISTS `customer` (
  `id` int(11) NOT NULL AUTO_INCREMENT,
  `customer_Name` varchar(100) NOT NULL DEFAULT '0',
  `email` varchar(50) NOT NULL DEFAULT '0',
  `mobile` varchar(50) NOT NULL DEFAULT '0',
  `created_at` timestamp NULL DEFAULT NULL,
  `updated_at` timestamp NULL DEFAULT NULL,
  `deleted_at` timestamp NULL DEFAULT NULL,
  `created_by` int(11) NOT NULL,
  PRIMARY KEY (`id`)
) ENGINE=InnoDB AUTO_INCREMENT=4 DEFAULT CHARSET=latin1;

-- Dumping data for table systemdb.customer: ~2 rows (approximately)
/*!40000 ALTER TABLE `customer` DISABLE KEYS */;
INSERT INTO `customer` (`id`, `customer_Name`, `email`, `mobile`, `created_at`, `updated_at`, `deleted_at`, `created_by`) VALUES
	(2, 'test Customer 1', 'test@gmail.com', '0775115123', '2022-07-19 21:12:09', '2022-07-19 21:12:09', NULL, 1),
	(3, 'test Customer 2', 'test2@gmail.com', '0775115123', '2022-07-19 21:12:19', '2022-07-19 21:12:19', NULL, 1);
/*!40000 ALTER TABLE `customer` ENABLE KEYS */;

-- Dumping structure for table systemdb.fonts-list
CREATE TABLE IF NOT EXISTS `fonts-list` (
  `id` int(15) NOT NULL AUTO_INCREMENT,
  `type` varchar(30) DEFAULT NULL,
  `icon` varchar(30) DEFAULT NULL,
  `unicode` varchar(30) DEFAULT NULL,
  PRIMARY KEY (`id`)
) ENGINE=InnoDB AUTO_INCREMENT=594 DEFAULT CHARSET=utf8;

-- Dumping data for table systemdb.fonts-list: ~593 rows (approximately)
/*!40000 ALTER TABLE `fonts-list` DISABLE KEYS */;
INSERT INTO `fonts-list` (`id`, `type`, `icon`, `unicode`) VALUES
	(1, 'fa', 'fa-adjust', '&#xf042;'),
	(2, 'fa', 'fa-adn', '&#xf170;'),
	(3, 'fa', 'fa-align-center', '&#xf037;'),
	(4, 'fa', 'fa-align-justify', '&#xf039;'),
	(5, 'fa', 'fa-align-left', '&#xf036;'),
	(6, 'fa', 'fa-align-right', '&#xf038;'),
	(7, 'fa', 'fa-ambulance', '&#xf0f9;'),
	(8, 'fa', 'fa-anchor', '&#xf13d;'),
	(9, 'fa', 'fa-android', '&#xf17b;'),
	(10, 'fa', 'fa-angellist', '&#xf209;'),
	(11, 'fa', 'fa-angle-double-down', '&#xf103;'),
	(12, 'fa', 'fa-angle-double-left', '&#xf100;'),
	(13, 'fa', 'fa-angle-double-right', '&#xf101;'),
	(14, 'fa', 'fa-angle-double-up', '&#xf102;'),
	(15, 'fa', 'fa-angle-down', '&#xf107;'),
	(16, 'fa', 'fa-angle-left', '&#xf104;'),
	(17, 'fa', 'fa-angle-right', '&#xf105;'),
	(18, 'fa', 'fa-angle-up', '&#xf106;'),
	(19, 'fa', 'fa-apple', '&#xf179;'),
	(20, 'fa', 'fa-archive', '&#xf187;'),
	(21, 'fa', 'fa-area-chart', '&#xf1fe;'),
	(22, 'fa', 'fa-arrow-circle-down', '&#xf0ab;'),
	(23, 'fa', 'fa-arrow-circle-left', '&#xf0a8;'),
	(24, 'fa', 'fa-arrow-circle-o-down', '&#xf01a;'),
	(25, 'fa', 'fa-arrow-circle-o-left', '&#xf190;'),
	(26, 'fa', 'fa-arrow-circle-o-right', '&#xf18e;'),
	(27, 'fa', 'fa-arrow-circle-o-up', '&#xf01b;'),
	(28, 'fa', 'fa-arrow-circle-right', '&#xf0a9;'),
	(29, 'fa', 'fa-arrow-circle-up', '&#xf0aa;'),
	(30, 'fa', 'fa-arrow-down', '&#xf063;'),
	(31, 'fa', 'fa-arrow-left', '&#xf060;'),
	(32, 'fa', 'fa-arrow-right', '&#xf061;'),
	(33, 'fa', 'fa-arrow-up', '&#xf062;'),
	(34, 'fa', 'fa-arrows', '&#xf047;'),
	(35, 'fa', 'fa-arrows-alt', '&#xf0b2;'),
	(36, 'fa', 'fa-arrows-h', '&#xf07e;'),
	(37, 'fa', 'fa-arrows-v', '&#xf07d;'),
	(38, 'fa', 'fa-asterisk', '&#xf069;'),
	(39, 'fa', 'fa-at', '&#xf1fa;'),
	(40, 'fa', 'fa-automobile(alias)', '&#xf1b9;'),
	(41, 'fa', 'fa-backward', '&#xf04a;'),
	(42, 'fa', 'fa-ban', '&#xf05e;'),
	(43, 'fa', 'fa-bank(alias)', '&#xf19c;'),
	(44, 'fa', 'fa-bar-chart', '&#xf080;'),
	(45, 'fa', 'fa-bar-chart-o(alias)', '&#xf080;'),
	(46, 'fa', 'fa-barcode', '&#xf02a;'),
	(47, 'fa', 'fa-bars', '&#xf0c9;'),
	(48, 'fa', 'fa-bed', '&#xf236;'),
	(49, 'fa', 'fa-beer', '&#xf0fc;'),
	(50, 'fa', 'fa-behance', '&#xf1b4;'),
	(51, 'fa', 'fa-behance-square', '&#xf1b5;'),
	(52, 'fa', 'fa-bell', '&#xf0f3;'),
	(53, 'fa', 'fa-bell-o', '&#xf0a2;'),
	(54, 'fa', 'fa-bell-slash', '&#xf1f6;'),
	(55, 'fa', 'fa-bell-slash-o', '&#xf1f7;'),
	(56, 'fa', 'fa-bicycle', '&#xf206;'),
	(57, 'fa', 'fa-binoculars', '&#xf1e5;'),
	(58, 'fa', 'fa-birthday-cake', '&#xf1fd;'),
	(59, 'fa', 'fa-bitbucket', '&#xf171;'),
	(60, 'fa', 'fa-bitbucket-square', '&#xf172;'),
	(61, 'fa', 'fa-bitcoin(alias)', '&#xf15a;'),
	(62, 'fa', 'fa-bold', '&#xf032;'),
	(63, 'fa', 'fa-bolt', '&#xf0e7;'),
	(64, 'fa', 'fa-bomb', '&#xf1e2;'),
	(65, 'fa', 'fa-book', '&#xf02d;'),
	(66, 'fa', 'fa-bookmark', '&#xf02e;'),
	(67, 'fa', 'fa-bookmark-o', '&#xf097;'),
	(68, 'fa', 'fa-briefcase', '&#xf0b1;'),
	(69, 'fa', 'fa-btc', '&#xf15a;'),
	(70, 'fa', 'fa-bug', '&#xf188;'),
	(71, 'fa', 'fa-building', '&#xf1ad;'),
	(72, 'fa', 'fa-building-o', '&#xf0f7;'),
	(73, 'fa', 'fa-bullhorn', '&#xf0a1;'),
	(74, 'fa', 'fa-bullseye', '&#xf140;'),
	(75, 'fa', 'fa-bus', '&#xf207;'),
	(76, 'fa', 'fa-buysellads', NULL),
	(77, 'fa', 'fa-cab(alias)', NULL),
	(78, 'fa', 'fa-calculator', NULL),
	(79, 'fa', 'fa-calendar', NULL),
	(80, 'fa', 'fa-calendar-o', NULL),
	(81, 'fa', 'fa-camera', NULL),
	(82, 'fa', 'fa-camera-retro', NULL),
	(83, 'fa', 'fa-car', NULL),
	(84, 'fa', 'fa-caret-down', NULL),
	(85, 'fa', 'fa-caret-left', NULL),
	(86, 'fa', 'fa-caret-right', NULL),
	(87, 'fa', 'fa-caret-square-o-down', NULL),
	(88, 'fa', 'fa-caret-square-o-left', NULL),
	(89, 'fa', 'fa-caret-square-o-right', NULL),
	(90, 'fa', 'fa-caret-square-o-up', NULL),
	(91, 'fa', 'fa-caret-up', NULL),
	(92, 'fa', 'fa-cart-arrow-down', NULL),
	(93, 'fa', 'fa-cart-plus', NULL),
	(94, 'fa', 'fa-cc', NULL),
	(95, 'fa', 'fa-cc-amex', NULL),
	(96, 'fa', 'fa-cc-discover', NULL),
	(97, 'fa', 'fa-cc-mastercard', NULL),
	(98, 'fa', 'fa-cc-paypal', NULL),
	(99, 'fa', 'fa-cc-stripe', NULL),
	(100, 'fa', 'fa-cc-visa', NULL),
	(101, 'fa', 'fa-certificate', NULL),
	(102, 'fa', 'fa-chain(alias)', NULL),
	(103, 'fa', 'fa-chain-broken', NULL),
	(104, 'fa', 'fa-check', NULL),
	(105, 'fa', 'fa-check-circle', NULL),
	(106, 'fa', 'fa-check-circle-o', NULL),
	(107, 'fa', 'fa-check-square', NULL),
	(108, 'fa', 'fa-check-square-o', NULL),
	(109, 'fa', 'fa-chevron-circle-down', NULL),
	(110, 'fa', 'fa-chevron-circle-left', NULL),
	(111, 'fa', 'fa-chevron-circle-right', NULL),
	(112, 'fa', 'fa-chevron-circle-up', NULL),
	(113, 'fa', 'fa-chevron-down', NULL),
	(114, 'fa', 'fa-chevron-left', NULL),
	(115, 'fa', 'fa-chevron-right', NULL),
	(116, 'fa', 'fa-chevron-up', NULL),
	(117, 'fa', 'fa-child', NULL),
	(118, 'fa', 'fa-circle', NULL),
	(119, 'fa', 'fa-circle-o', NULL),
	(120, 'fa', 'fa-circle-o-notch', NULL),
	(121, 'fa', 'fa-circle-thin', NULL),
	(122, 'fa', 'fa-clipboard', NULL),
	(123, 'fa', 'fa-clock-o', NULL),
	(124, 'fa', 'fa-close(alias)', NULL),
	(125, 'fa', 'fa-cloud', NULL),
	(126, 'fa', 'fa-cloud-download', NULL),
	(127, 'fa', 'fa-cloud-upload', NULL),
	(128, 'fa', 'fa-cny(alias)', NULL),
	(129, 'fa', 'fa-code', NULL),
	(130, 'fa', 'fa-code-fork', NULL),
	(131, 'fa', 'fa-codepen', NULL),
	(132, 'fa', 'fa-coffee', NULL),
	(133, 'fa', 'fa-cog', NULL),
	(134, 'fa', 'fa-cogs', NULL),
	(135, 'fa', 'fa-columns', NULL),
	(136, 'fa', 'fa-comment', NULL),
	(137, 'fa', 'fa-comment-o', NULL),
	(138, 'fa', 'fa-comments', NULL),
	(139, 'fa', 'fa-comments-o', NULL),
	(140, 'fa', 'fa-compass', NULL),
	(141, 'fa', 'fa-compress', NULL),
	(142, 'fa', 'fa-connectdevelop', NULL),
	(143, 'fa', 'fa-copy(alias)', NULL),
	(144, 'fa', 'fa-copyright', NULL),
	(145, 'fa', 'fa-credit-card', NULL),
	(146, 'fa', 'fa-crop', NULL),
	(147, 'fa', 'fa-crosshairs', NULL),
	(148, 'fa', 'fa-css3', NULL),
	(149, 'fa', 'fa-cube', NULL),
	(150, 'fa', 'fa-cubes', NULL),
	(151, 'fa', 'fa-cut(alias)', NULL),
	(152, 'fa', 'fa-cutlery', NULL),
	(153, 'fa', 'fa-dashboard(alias)', NULL),
	(154, 'fa', 'fa-dashcube', NULL),
	(155, 'fa', 'fa-database', NULL),
	(156, 'fa', 'fa-dedent(alias)', NULL),
	(157, 'fa', 'fa-delicious', NULL),
	(158, 'fa', 'fa-desktop', NULL),
	(159, 'fa', 'fa-deviantart', NULL),
	(160, 'fa', 'fa-diamond', NULL),
	(161, 'fa', 'fa-digg', NULL),
	(162, 'fa', 'fa-dollar(alias)', NULL),
	(163, 'fa', 'fa-dot-circle-o', NULL),
	(164, 'fa', 'fa-download', NULL),
	(165, 'fa', 'fa-dribbble', NULL),
	(166, 'fa', 'fa-dropbox', NULL),
	(167, 'fa', 'fa-drupal', NULL),
	(168, 'fa', 'fa-edit(alias)', NULL),
	(169, 'fa', 'fa-eject', NULL),
	(170, 'fa', 'fa-ellipsis-h', NULL),
	(171, 'fa', 'fa-ellipsis-v', NULL),
	(172, 'fa', 'fa-empire', NULL),
	(173, 'fa', 'fa-envelope', NULL),
	(174, 'fa', 'fa-envelope-o', NULL),
	(175, 'fa', 'fa-envelope-square', NULL),
	(176, 'fa', 'fa-eraser', NULL),
	(177, 'fa', 'fa-eur', NULL),
	(178, 'fa', 'fa-euro(alias)', NULL),
	(179, 'fa', 'fa-exchange', NULL),
	(180, 'fa', 'fa-exclamation', NULL),
	(181, 'fa', 'fa-exclamation-circle', NULL),
	(182, 'fa', 'fa-exclamation-triangle', NULL),
	(183, 'fa', 'fa-expand', NULL),
	(184, 'fa', 'fa-external-link', NULL),
	(185, 'fa', 'fa-external-link-square', NULL),
	(186, 'fa', 'fa-eye', NULL),
	(187, 'fa', 'fa-eye-slash', NULL),
	(188, 'fa', 'fa-eyedropper', NULL),
	(189, 'fa', 'fa-facebook', NULL),
	(190, 'fa', 'fa-facebook-f(alias)', NULL),
	(191, 'fa', 'fa-facebook-official', NULL),
	(192, 'fa', 'fa-facebook-square', NULL),
	(193, 'fa', 'fa-fast-backward', NULL),
	(194, 'fa', 'fa-fast-forward', NULL),
	(195, 'fa', 'fa-fax', NULL),
	(196, 'fa', 'fa-female', NULL),
	(197, 'fa', 'fa-fighter-jet', NULL),
	(198, 'fa', 'fa-file', NULL),
	(199, 'fa', 'fa-file-archive-o', NULL),
	(200, 'fa', 'fa-file-audio-o', NULL),
	(201, 'fa', 'fa-file-code-o', NULL),
	(202, 'fa', 'fa-file-excel-o', NULL),
	(203, 'fa', 'fa-file-image-o', NULL),
	(204, 'fa', 'fa-file-movie-o(alias)', NULL),
	(205, 'fa', 'fa-file-o', NULL),
	(206, 'fa', 'fa-file-pdf-o', NULL),
	(207, 'fa', 'fa-file-photo-o(alias)', NULL),
	(208, 'fa', 'fa-file-picture-o(alias)', NULL),
	(209, 'fa', 'fa-file-powerpoint-o', NULL),
	(210, 'fa', 'fa-file-sound-o(alias)', NULL),
	(211, 'fa', 'fa-file-text', NULL),
	(212, 'fa', 'fa-file-text-o', NULL),
	(213, 'fa', 'fa-file-video-o', NULL),
	(214, 'fa', 'fa-file-word-o', NULL),
	(215, 'fa', 'fa-file-zip-o(alias)', NULL),
	(216, 'fa', 'fa-files-o', NULL),
	(217, 'fa', 'fa-film', NULL),
	(218, 'fa', 'fa-filter', NULL),
	(219, 'fa', 'fa-fire', NULL),
	(220, 'fa', 'fa-fire-extinguisher', NULL),
	(221, 'fa', 'fa-flag', NULL),
	(222, 'fa', 'fa-flag-checkered', NULL),
	(223, 'fa', 'fa-flag-o', NULL),
	(224, 'fa', 'fa-flash(alias)', NULL),
	(225, 'fa', 'fa-flask', NULL),
	(226, 'fa', 'fa-flickr', NULL),
	(227, 'fa', 'fa-floppy-o', NULL),
	(228, 'fa', 'fa-folder', NULL),
	(229, 'fa', 'fa-folder-o', NULL),
	(230, 'fa', 'fa-folder-open', NULL),
	(231, 'fa', 'fa-folder-open-o', NULL),
	(232, 'fa', 'fa-font', NULL),
	(233, 'fa', 'fa-forumbee', NULL),
	(234, 'fa', 'fa-forward', NULL),
	(235, 'fa', 'fa-foursquare', NULL),
	(236, 'fa', 'fa-frown-o', NULL),
	(237, 'fa', 'fa-futbol-o', NULL),
	(238, 'fa', 'fa-gamepad', NULL),
	(239, 'fa', 'fa-gavel', NULL),
	(240, 'fa', 'fa-gbp', NULL),
	(241, 'fa', 'fa-ge(alias)', NULL),
	(242, 'fa', 'fa-gear(alias)', NULL),
	(243, 'fa', 'fa-gears(alias)', NULL),
	(244, 'fa', 'fa-genderless(alias)', NULL),
	(245, 'fa', 'fa-gift', NULL),
	(246, 'fa', 'fa-git', NULL),
	(247, 'fa', 'fa-git-square', NULL),
	(248, 'fa', 'fa-github', NULL),
	(249, 'fa', 'fa-github-alt', NULL),
	(250, 'fa', 'fa-github-square', NULL),
	(251, 'fa', 'fa-gittip(alias)', NULL),
	(252, 'fa', 'fa-glass', NULL),
	(253, 'fa', 'fa-globe', NULL),
	(254, 'fa', 'fa-google', NULL),
	(255, 'fa', 'fa-google-plus', NULL),
	(256, 'fa', 'fa-google-plus-square', NULL),
	(257, 'fa', 'fa-google-wallet', NULL),
	(258, 'fa', 'fa-graduation-cap', NULL),
	(259, 'fa', 'fa-gratipay', NULL),
	(260, 'fa', 'fa-group(alias)', NULL),
	(261, 'fa', 'fa-h-square', NULL),
	(262, 'fa', 'fa-hacker-news', NULL),
	(263, 'fa', 'fa-hand-o-down', NULL),
	(264, 'fa', 'fa-hand-o-left', NULL),
	(265, 'fa', 'fa-hand-o-right', NULL),
	(266, 'fa', 'fa-hand-o-up', NULL),
	(267, 'fa', 'fa-hdd-o', NULL),
	(268, 'fa', 'fa-header', NULL),
	(269, 'fa', 'fa-headphones', NULL),
	(270, 'fa', 'fa-heart', NULL),
	(271, 'fa', 'fa-heart-o', NULL),
	(272, 'fa', 'fa-heartbeat', NULL),
	(273, 'fa', 'fa-history', NULL),
	(274, 'fa', 'fa-home', NULL),
	(275, 'fa', 'fa-hospital-o', NULL),
	(276, 'fa', 'fa-hotel(alias)', NULL),
	(277, 'fa', 'fa-html5', NULL),
	(278, 'fa', 'fa-ils', NULL),
	(279, 'fa', 'fa-image(alias)', NULL),
	(280, 'fa', 'fa-inbox', NULL),
	(281, 'fa', 'fa-indent', NULL),
	(282, 'fa', 'fa-info', NULL),
	(283, 'fa', 'fa-info-circle', NULL),
	(284, 'fa', 'fa-inr', NULL),
	(285, 'fa', 'fa-instagram', NULL),
	(286, 'fa', 'fa-institution(alias)', NULL),
	(287, 'fa', 'fa-ioxhost', NULL),
	(288, 'fa', 'fa-italic', NULL),
	(289, 'fa', 'fa-joomla', NULL),
	(290, 'fa', 'fa-jpy', NULL),
	(291, 'fa', 'fa-jsfiddle', NULL),
	(292, 'fa', 'fa-key', NULL),
	(293, 'fa', 'fa-keyboard-o', NULL),
	(294, 'fa', 'fa-krw', NULL),
	(295, 'fa', 'fa-language', NULL),
	(296, 'fa', 'fa-laptop', NULL),
	(297, 'fa', 'fa-lastfm', NULL),
	(298, 'fa', 'fa-lastfm-square', NULL),
	(299, 'fa', 'fa-leaf', NULL),
	(300, 'fa', 'fa-leanpub', NULL),
	(301, 'fa', 'fa-legal(alias)', NULL),
	(302, 'fa', 'fa-lemon-o', NULL),
	(303, 'fa', 'fa-level-down', NULL),
	(304, 'fa', 'fa-level-up', NULL),
	(305, 'fa', 'fa-life-bouy(alias)', NULL),
	(306, 'fa', 'fa-life-buoy(alias)', NULL),
	(307, 'fa', 'fa-life-ring', NULL),
	(308, 'fa', 'fa-life-saver(alias)', NULL),
	(309, 'fa', 'fa-lightbulb-o', NULL),
	(310, 'fa', 'fa-line-chart', NULL),
	(311, 'fa', 'fa-link', NULL),
	(312, 'fa', 'fa-linkedin', NULL),
	(313, 'fa', 'fa-linkedin-square', NULL),
	(314, 'fa', 'fa-linux', NULL),
	(315, 'fa', 'fa-list', NULL),
	(316, 'fa', 'fa-list-alt', NULL),
	(317, 'fa', 'fa-list-ol', NULL),
	(318, 'fa', 'fa-list-ul', NULL),
	(319, 'fa', 'fa-location-arrow', NULL),
	(320, 'fa', 'fa-lock', NULL),
	(321, 'fa', 'fa-long-arrow-down', NULL),
	(322, 'fa', 'fa-long-arrow-left', NULL),
	(323, 'fa', 'fa-long-arrow-right', NULL),
	(324, 'fa', 'fa-long-arrow-up', NULL),
	(325, 'fa', 'fa-magic', NULL),
	(326, 'fa', 'fa-magnet', NULL),
	(327, 'fa', 'fa-mail-forward(alias)', NULL),
	(328, 'fa', 'fa-mail-reply(alias)', NULL),
	(329, 'fa', 'fa-mail-reply-all(alias)', NULL),
	(330, 'fa', 'fa-male', NULL),
	(331, 'fa', 'fa-map-marker', NULL),
	(332, 'fa', 'fa-mars', NULL),
	(333, 'fa', 'fa-mars-double', NULL),
	(334, 'fa', 'fa-mars-stroke', NULL),
	(335, 'fa', 'fa-mars-stroke-h', NULL),
	(336, 'fa', 'fa-mars-stroke-v', NULL),
	(337, 'fa', 'fa-maxcdn', NULL),
	(338, 'fa', 'fa-meanpath', NULL),
	(339, 'fa', 'fa-medium', NULL),
	(340, 'fa', 'fa-medkit', NULL),
	(341, 'fa', 'fa-meh-o', NULL),
	(342, 'fa', 'fa-mercury', NULL),
	(343, 'fa', 'fa-microphone', NULL),
	(344, 'fa', 'fa-microphone-slash', NULL),
	(345, 'fa', 'fa-minus', NULL),
	(346, 'fa', 'fa-minus-circle', NULL),
	(347, 'fa', 'fa-minus-square', NULL),
	(348, 'fa', 'fa-minus-square-o', NULL),
	(349, 'fa', 'fa-mobile', NULL),
	(350, 'fa', 'fa-mobile-phone(alias)', NULL),
	(351, 'fa', 'fa-money', NULL),
	(352, 'fa', 'fa-moon-o', NULL),
	(353, 'fa', 'fa-mortar-board(alias)', NULL),
	(354, 'fa', 'fa-motorcycle', NULL),
	(355, 'fa', 'fa-music', NULL),
	(356, 'fa', 'fa-navicon(alias)', NULL),
	(357, 'fa', 'fa-neuter', NULL),
	(358, 'fa', 'fa-newspaper-o', NULL),
	(359, 'fa', 'fa-openid', NULL),
	(360, 'fa', 'fa-outdent', NULL),
	(361, 'fa', 'fa-pagelines', NULL),
	(362, 'fa', 'fa-paint-brush', NULL),
	(363, 'fa', 'fa-paper-plane', NULL),
	(364, 'fa', 'fa-paper-plane-o', NULL),
	(365, 'fa', 'fa-paperclip', NULL),
	(366, 'fa', 'fa-paragraph', NULL),
	(367, 'fa', 'fa-paste(alias)', NULL),
	(368, 'fa', 'fa-pause', NULL),
	(369, 'fa', 'fa-paw', NULL),
	(370, 'fa', 'fa-paypal', NULL),
	(371, 'fa', 'fa-pencil', NULL),
	(372, 'fa', 'fa-pencil-square', NULL),
	(373, 'fa', 'fa-pencil-square-o', NULL),
	(374, 'fa', 'fa-phone', NULL),
	(375, 'fa', 'fa-phone-square', NULL),
	(376, 'fa', 'fa-photo(alias)', NULL),
	(377, 'fa', 'fa-picture-o', NULL),
	(378, 'fa', 'fa-pie-chart', NULL),
	(379, 'fa', 'fa-pied-piper', NULL),
	(380, 'fa', 'fa-pied-piper-alt', NULL),
	(381, 'fa', 'fa-pinterest', NULL),
	(382, 'fa', 'fa-pinterest-p', NULL),
	(383, 'fa', 'fa-pinterest-square', NULL),
	(384, 'fa', 'fa-plane', NULL),
	(385, 'fa', 'fa-play', NULL),
	(386, 'fa', 'fa-play-circle', NULL),
	(387, 'fa', 'fa-play-circle-o', NULL),
	(388, 'fa', 'fa-plug', NULL),
	(389, 'fa', 'fa-plus', NULL),
	(390, 'fa', 'fa-plus-circle', NULL),
	(391, 'fa', 'fa-plus-square', NULL),
	(392, 'fa', 'fa-plus-square-o', NULL),
	(393, 'fa', 'fa-power-off', NULL),
	(394, 'fa', 'fa-print', NULL),
	(395, 'fa', 'fa-puzzle-piece', NULL),
	(396, 'fa', 'fa-qq', NULL),
	(397, 'fa', 'fa-qrcode', NULL),
	(398, 'fa', 'fa-question', NULL),
	(399, 'fa', 'fa-question-circle', NULL),
	(400, 'fa', 'fa-quote-left', NULL),
	(401, 'fa', 'fa-quote-right', NULL),
	(402, 'fa', 'fa-ra(alias)', NULL),
	(403, 'fa', 'fa-random', NULL),
	(404, 'fa', 'fa-rebel', NULL),
	(405, 'fa', 'fa-recycle', NULL),
	(406, 'fa', 'fa-reddit', NULL),
	(407, 'fa', 'fa-reddit-square', NULL),
	(408, 'fa', 'fa-refresh', NULL),
	(409, 'fa', 'fa-remove(alias)', NULL),
	(410, 'fa', 'fa-renren', NULL),
	(411, 'fa', 'fa-reorder(alias)', NULL),
	(412, 'fa', 'fa-repeat', NULL),
	(413, 'fa', 'fa-reply', NULL),
	(414, 'fa', 'fa-reply-all', NULL),
	(415, 'fa', 'fa-retweet', NULL),
	(416, 'fa', 'fa-rmb(alias)', NULL),
	(417, 'fa', 'fa-road', NULL),
	(418, 'fa', 'fa-rocket', NULL),
	(419, 'fa', 'fa-rotate-left(alias)', NULL),
	(420, 'fa', 'fa-rotate-right(alias)', NULL),
	(421, 'fa', 'fa-rouble(alias)', NULL),
	(422, 'fa', 'fa-rss', NULL),
	(423, 'fa', 'fa-rss-square', NULL),
	(424, 'fa', 'fa-rub', NULL),
	(425, 'fa', 'fa-ruble(alias)', NULL),
	(426, 'fa', 'fa-rupee(alias)', NULL),
	(427, 'fa', 'fa-save(alias)', NULL),
	(428, 'fa', 'fa-scissors', NULL),
	(429, 'fa', 'fa-search', NULL),
	(430, 'fa', 'fa-search-minus', NULL),
	(431, 'fa', 'fa-search-plus', NULL),
	(432, 'fa', 'fa-sellsy', NULL),
	(433, 'fa', 'fa-send(alias)', NULL),
	(434, 'fa', 'fa-send-o(alias)', NULL),
	(435, 'fa', 'fa-server', NULL),
	(436, 'fa', 'fa-share', NULL),
	(437, 'fa', 'fa-share-alt', NULL),
	(438, 'fa', 'fa-share-alt-square', NULL),
	(439, 'fa', 'fa-share-square', NULL),
	(440, 'fa', 'fa-share-square-o', NULL),
	(441, 'fa', 'fa-shekel(alias)', NULL),
	(442, 'fa', 'fa-sheqel(alias)', NULL),
	(443, 'fa', 'fa-shield', NULL),
	(444, 'fa', 'fa-ship', NULL),
	(445, 'fa', 'fa-shirtsinbulk', NULL),
	(446, 'fa', 'fa-shopping-cart', NULL),
	(447, 'fa', 'fa-sign-in', NULL),
	(448, 'fa', 'fa-sign-out', NULL),
	(449, 'fa', 'fa-signal', NULL),
	(450, 'fa', 'fa-simplybuilt', NULL),
	(451, 'fa', 'fa-sitemap', NULL),
	(452, 'fa', 'fa-skyatlas', NULL),
	(453, 'fa', 'fa-skype', NULL),
	(454, 'fa', 'fa-slack', NULL),
	(455, 'fa', 'fa-sliders', NULL),
	(456, 'fa', 'fa-slideshare', NULL),
	(457, 'fa', 'fa-smile-o', NULL),
	(458, 'fa', 'fa-soccer-ball-o(alias)', NULL),
	(459, 'fa', 'fa-sort', NULL),
	(460, 'fa', 'fa-sort-alpha-asc', NULL),
	(461, 'fa', 'fa-sort-alpha-desc', NULL),
	(462, 'fa', 'fa-sort-amount-asc', NULL),
	(463, 'fa', 'fa-sort-amount-desc', NULL),
	(464, 'fa', 'fa-sort-asc', NULL),
	(465, 'fa', 'fa-sort-desc', NULL),
	(466, 'fa', 'fa-sort-down(alias)', NULL),
	(467, 'fa', 'fa-sort-numeric-asc', NULL),
	(468, 'fa', 'fa-sort-numeric-desc', NULL),
	(469, 'fa', 'fa-sort-up(alias)', NULL),
	(470, 'fa', 'fa-soundcloud', NULL),
	(471, 'fa', 'fa-space-shuttle', NULL),
	(472, 'fa', 'fa-spinner', NULL),
	(473, 'fa', 'fa-spoon', NULL),
	(474, 'fa', 'fa-spotify', NULL),
	(475, 'fa', 'fa-square', NULL),
	(476, 'fa', 'fa-square-o', NULL),
	(477, 'fa', 'fa-stack-exchange', NULL),
	(478, 'fa', 'fa-stack-overflow', NULL),
	(479, 'fa', 'fa-star', NULL),
	(480, 'fa', 'fa-star-half', NULL),
	(481, 'fa', 'fa-star-half-empty(alias)', NULL),
	(482, 'fa', 'fa-star-half-full(alias)', NULL),
	(483, 'fa', 'fa-star-half-o', NULL),
	(484, 'fa', 'fa-star-o', NULL),
	(485, 'fa', 'fa-steam', NULL),
	(486, 'fa', 'fa-steam-square', NULL),
	(487, 'fa', 'fa-step-backward', NULL),
	(488, 'fa', 'fa-step-forward', NULL),
	(489, 'fa', 'fa-stethoscope', NULL),
	(490, 'fa', 'fa-stop', NULL),
	(491, 'fa', 'fa-street-view', NULL),
	(492, 'fa', 'fa-strikethrough', NULL),
	(493, 'fa', 'fa-stumbleupon', NULL),
	(494, 'fa', 'fa-stumbleupon-circle', NULL),
	(495, 'fa', 'fa-subscript', NULL),
	(496, 'fa', 'fa-subway', NULL),
	(497, 'fa', 'fa-suitcase', NULL),
	(498, 'fa', 'fa-sun-o', NULL),
	(499, 'fa', 'fa-superscript', NULL),
	(500, 'fa', 'fa-support(alias)', NULL),
	(501, 'fa', 'fa-table', NULL),
	(502, 'fa', 'fa-tablet', NULL),
	(503, 'fa', 'fa-tachometer', NULL),
	(504, 'fa', 'fa-tag', NULL),
	(505, 'fa', 'fa-tags', NULL),
	(506, 'fa', 'fa-tasks', NULL),
	(507, 'fa', 'fa-taxi', NULL),
	(508, 'fa', 'fa-tencent-weibo', NULL),
	(509, 'fa', 'fa-terminal', NULL),
	(510, 'fa', 'fa-text-height', NULL),
	(511, 'fa', 'fa-text-width', NULL),
	(512, 'fa', 'fa-th', NULL),
	(513, 'fa', 'fa-th-large', NULL),
	(514, 'fa', 'fa-th-list', NULL),
	(515, 'fa', 'fa-thumb-tack', NULL),
	(516, 'fa', 'fa-thumbs-down', NULL),
	(517, 'fa', 'fa-thumbs-o-down', NULL),
	(518, 'fa', 'fa-thumbs-o-up', NULL),
	(519, 'fa', 'fa-thumbs-up', NULL),
	(520, 'fa', 'fa-ticket', NULL),
	(521, 'fa', 'fa-times', NULL),
	(522, 'fa', 'fa-times-circle', NULL),
	(523, 'fa', 'fa-times-circle-o', NULL),
	(524, 'fa', 'fa-tint', NULL),
	(525, 'fa', 'fa-toggle-down(alias)', NULL),
	(526, 'fa', 'fa-toggle-left(alias)', NULL),
	(527, 'fa', 'fa-toggle-off', NULL),
	(528, 'fa', 'fa-toggle-on', NULL),
	(529, 'fa', 'fa-toggle-right(alias)', NULL),
	(530, 'fa', 'fa-toggle-up(alias)', NULL),
	(531, 'fa', 'fa-train', NULL),
	(532, 'fa', 'fa-transgender', NULL),
	(533, 'fa', 'fa-transgender-alt', NULL),
	(534, 'fa', 'fa-trash', NULL),
	(535, 'fa', 'fa-trash-o', NULL),
	(536, 'fa', 'fa-tree', NULL),
	(537, 'fa', 'fa-trello', NULL),
	(538, 'fa', 'fa-trophy', NULL),
	(539, 'fa', 'fa-truck', NULL),
	(540, 'fa', 'fa-try', NULL),
	(541, 'fa', 'fa-tty', NULL),
	(542, 'fa', 'fa-tumblr', NULL),
	(543, 'fa', 'fa-tumblr-square', NULL),
	(544, 'fa', 'fa-turkish-lira(alias)', NULL),
	(545, 'fa', 'fa-twitch', NULL),
	(546, 'fa', 'fa-twitter', NULL),
	(547, 'fa', 'fa-twitter-square', NULL),
	(548, 'fa', 'fa-umbrella', NULL),
	(549, 'fa', 'fa-underline', NULL),
	(550, 'fa', 'fa-undo', NULL),
	(551, 'fa', 'fa-university', NULL),
	(552, 'fa', 'fa-unlink(alias)', NULL),
	(553, 'fa', 'fa-unlock', NULL),
	(554, 'fa', 'fa-unlock-alt', NULL),
	(555, 'fa', 'fa-unsorted(alias)', NULL),
	(556, 'fa', 'fa-upload', NULL),
	(557, 'fa', 'fa-usd', NULL),
	(558, 'fa', 'fa-user', NULL),
	(559, 'fa', 'fa-user-md', NULL),
	(560, 'fa', 'fa-user-plus', NULL),
	(561, 'fa', 'fa-user-secret', NULL),
	(562, 'fa', 'fa-user-times', NULL),
	(563, 'fa', 'fa-users', NULL),
	(564, 'fa', 'fa-venus', NULL),
	(565, 'fa', 'fa-venus-double', NULL),
	(566, 'fa', 'fa-venus-mars', NULL),
	(567, 'fa', 'fa-viacoin', NULL),
	(568, 'fa', 'fa-video-camera', NULL),
	(569, 'fa', 'fa-vimeo-square', NULL),
	(570, 'fa', 'fa-vine', NULL),
	(571, 'fa', 'fa-vk', NULL),
	(572, 'fa', 'fa-volume-down', NULL),
	(573, 'fa', 'fa-volume-off', NULL),
	(574, 'fa', 'fa-volume-up', NULL),
	(575, 'fa', 'fa-warning(alias)', NULL),
	(576, 'fa', 'fa-wechat(alias)', NULL),
	(577, 'fa', 'fa-weibo', NULL),
	(578, 'fa', 'fa-weixin', NULL),
	(579, 'fa', 'fa-whatsapp', NULL),
	(580, 'fa', 'fa-wheelchair', NULL),
	(581, 'fa', 'fa-wifi', NULL),
	(582, 'fa', 'fa-windows', NULL),
	(583, 'fa', 'fa-won(alias)', NULL),
	(584, 'fa', 'fa-wordpress', NULL),
	(585, 'fa', 'fa-wrench', NULL),
	(586, 'fa', 'fa-xing', NULL),
	(587, 'fa', 'fa-xing-square', NULL),
	(588, 'fa', 'fa-yahoo', NULL),
	(589, 'fa', 'fa-yelp', NULL),
	(590, 'fa', 'fa-yen(alias)', NULL),
	(591, 'fa', 'fa-youtube', NULL),
	(592, 'fa', 'fa-youtube-play', NULL),
	(593, 'fa', 'fa-youtube-square', NULL);
/*!40000 ALTER TABLE `fonts-list` ENABLE KEYS */;

-- Dumping structure for table systemdb.menu
CREATE TABLE IF NOT EXISTS `menu` (
  `id` int(10) unsigned NOT NULL AUTO_INCREMENT,
  `label` varchar(255) COLLATE utf8_unicode_ci NOT NULL,
  `link` varchar(255) COLLATE utf8_unicode_ci NOT NULL,
  `icon` varchar(255) COLLATE utf8_unicode_ci DEFAULT NULL,
  `parent` int(11) DEFAULT NULL,
  `permissions` text COLLATE utf8_unicode_ci,
  `lft` int(11) NOT NULL,
  `rgt` int(11) DEFAULT NULL,
  `depth` int(11) NOT NULL,
  `status` tinyint(1) DEFAULT '1',
  `created_at` timestamp NULL DEFAULT NULL,
  `updated_at` timestamp NULL DEFAULT NULL,
  PRIMARY KEY (`id`)
) ENGINE=InnoDB AUTO_INCREMENT=26 DEFAULT CHARSET=utf8 COLLATE=utf8_unicode_ci;

-- Dumping data for table systemdb.menu: ~22 rows (approximately)
/*!40000 ALTER TABLE `menu` DISABLE KEYS */;
INSERT INTO `menu` (`id`, `label`, `link`, `icon`, `parent`, `permissions`, `lft`, `rgt`, `depth`, `status`, `created_at`, `updated_at`) VALUES
	(1, 'Root Menu', '', NULL, NULL, NULL, 1, 195, 0, 1, '2015-10-16 19:30:50', '2022-07-20 20:45:58'),
	(3, 'Menu Management', '#', 'fa fa-adjust', 1, '["menu.add","menu.list","menu.edit","menu.status","menu.delete","admin"]', 6, 39, 1, 1, '2015-10-16 19:47:17', '2016-07-29 13:26:28'),
	(4, 'Add Menu', 'menu/add', '', 3, '["menu.add","admin"]', 35, 36, 2, 1, '2015-10-16 19:48:19', '2016-07-29 13:26:28'),
	(5, 'Menu List', 'menu/list', '', 3, '["menu.list","menu.edit","menu.status","menu.delete","admin"]', 37, 38, 2, 1, '2015-10-16 19:48:46', '2016-07-29 13:26:28'),
	(6, 'User Management', '#', 'fa fa-adjust', 1, '["user.add","user.edit","user.delete","user.list","admin"]', 2, 23, 1, 1, '2015-10-17 01:16:32', '2016-04-08 21:23:23'),
	(7, 'Permissions', '#', '', 6, '["user.add","admin"]', 3, 10, 2, 1, '2015-10-17 01:17:46', '2015-11-19 13:27:17'),
	(9, 'Permissions List', 'permission/list', '', 7, '["menu.add","admin"]', 6, 7, 3, 1, '2015-10-17 01:43:36', '2015-11-19 13:27:17'),
	(10, 'User Roles', '#', '', 6, '["user.add","admin"]', 11, 16, 2, 0, '2015-10-17 01:44:21', '2022-07-20 20:50:25'),
	(11, 'Add Role', 'user/role/add', '0', 10, '["user.add","admin"]', 12, 13, 3, 0, '2015-10-17 01:45:20', '2022-07-20 20:50:03'),
	(12, 'Users', '#', '', 6, '["menu.add","admin"]', 17, 22, 2, 1, '2015-10-17 01:48:40', '2015-11-19 13:27:17'),
	(13, 'Add User', 'user/add', '', 12, '["user.add","admin"]', 18, 19, 3, 1, '2015-10-17 01:49:46', '2015-11-19 13:27:17'),
	(14, 'User List', 'user/list', '', 12, '["user.edit","user.delete","user.list","admin"]', 20, 21, 3, 1, '2015-10-17 01:50:48', '2015-11-19 13:27:17'),
	(16, 'Roles List', 'user/role/list', '0', 10, '["user.add","admin"]', 14, 15, 3, 0, '2015-10-17 21:13:52', '2022-07-20 20:50:05'),
	(17, 'Product Management', '#', 'fa fa-adjust', 1, '["product.add","product.edit","product.delete","product.view","admin"]', 40, 41, 1, 1, '2022-07-20 20:38:01', '2022-07-20 20:38:53'),
	(18, 'Add Product', 'product/add', '', 17, '["product.add","admin"]', 54, 55, 1, 1, '2022-07-20 20:38:53', '2022-07-20 20:45:58'),
	(19, 'Product List', 'product/list', '', 17, '["product.edit","product.delete","product.view","admin"]', 56, 57, 1, 1, '2022-07-20 20:40:08', '2022-07-20 20:45:58'),
	(20, 'Customer Management', '#', 'fa fa-adjust', 1, '["product.add","product.edit","product.delete","product.view","admin"]', 42, 43, 1, 1, '2022-07-20 20:41:20', '2022-07-20 20:42:39'),
	(21, 'Add Customer', 'customer/add', '', 20, '["customer.add","admin"]', 50, 51, 1, 1, '2022-07-20 20:42:03', '2022-07-20 20:45:58'),
	(22, 'Customer List', 'customer/list', '', 20, '["customer.edit","customer.view","customer.delete","admin"]', 52, 53, 1, 1, '2022-07-20 20:42:39', '2022-07-20 20:45:58'),
	(23, 'Order Management', '#', 'fa fa-adjust', 1, '["order.add","order.edit","order.view","order.delete","admin"]', 44, 45, 1, 1, '2022-07-20 20:44:30', '2022-07-20 20:45:58'),
	(24, 'Add Order', 'orders/add', '', 23, '["order.add","admin"]', 46, 47, 1, 1, '2022-07-20 20:45:15', '2022-07-20 20:45:58'),
	(25, 'Order List', 'orders/list', '', 23, '["order.edit","order.view","order.delete","admin"]', 48, 49, 1, 1, '2022-07-20 20:45:58', '2022-07-20 20:45:58');
/*!40000 ALTER TABLE `menu` ENABLE KEYS */;

-- Dumping structure for table systemdb.permissions
CREATE TABLE IF NOT EXISTS `permissions` (
  `id` int(10) unsigned NOT NULL AUTO_INCREMENT,
  `name` varchar(255) COLLATE utf8_unicode_ci NOT NULL,
  `description` text COLLATE utf8_unicode_ci,
  `status` tinyint(1) NOT NULL DEFAULT '1',
  `created_by` int(20) DEFAULT NULL,
  `created_at` timestamp NULL DEFAULT NULL,
  `updated_at` timestamp NULL DEFAULT NULL,
  PRIMARY KEY (`id`)
) ENGINE=InnoDB AUTO_INCREMENT=62 DEFAULT CHARSET=utf8 COLLATE=utf8_unicode_ci;

-- Dumping data for table systemdb.permissions: ~39 rows (approximately)
/*!40000 ALTER TABLE `permissions` DISABLE KEYS */;
INSERT INTO `permissions` (`id`, `name`, `description`, `status`, `created_by`, `created_at`, `updated_at`) VALUES
	(1, 'user', 'Normal Registered User', 1, 1, '2015-07-25 07:00:00', '2015-12-02 11:54:39'),
	(2, 'menu.add', NULL, 1, 1, '2015-07-25 07:00:00', '2015-12-03 15:02:41'),
	(3, 'menu.list', NULL, 1, 1, '2015-07-25 07:00:00', '2015-12-02 11:54:54'),
	(4, 'menu.edit', NULL, 1, 1, '2015-07-25 07:00:00', '2015-12-02 11:54:57'),
	(5, 'menu.status', NULL, 1, 1, '2015-07-25 07:00:00', '2015-12-02 11:55:01'),
	(6, 'admin', 'Super Admin Permission', 1, 1, '2015-07-25 07:00:00', '2015-07-25 07:00:00'),
	(7, 'index', 'Home Page Permission', 1, 1, '2015-07-25 07:00:00', '2015-12-02 11:55:03'),
	(8, 'menu.delete', NULL, 1, 1, '2015-09-06 21:30:06', '2015-09-06 21:30:09'),
	(9, 'user.add', NULL, 1, 1, '2015-10-16 07:00:00', '2015-10-16 07:00:00'),
	(10, 'user.edit', NULL, 1, 1, '2015-10-16 07:00:00', '2015-10-16 07:00:00'),
	(11, 'user.delete', NULL, 1, 1, '2015-10-16 07:00:00', '2015-10-16 07:00:00'),
	(12, 'user.list', NULL, 1, 1, '2015-10-20 07:00:00', '2015-10-21 03:01:57'),
	(13, 'user.role.add', NULL, 1, 1, '2015-10-22 07:00:00', '2015-10-22 07:00:00'),
	(14, 'user.role.edit', NULL, 1, 1, '2015-10-22 07:00:00', '2015-10-22 07:00:00'),
	(15, 'user.role.list', NULL, 1, 1, '2015-10-22 07:00:00', '2015-10-22 07:00:00'),
	(16, 'user.role.delete', NULL, 1, 1, '2015-10-22 07:00:00', '2015-10-22 07:00:00'),
	(17, 'permission.add', NULL, 1, 1, '2015-10-22 07:00:00', '2015-10-22 07:00:00'),
	(18, 'permission.edit', NULL, 1, 1, '2015-10-22 07:00:00', '2015-10-22 07:00:00'),
	(19, 'permission.delete', NULL, 1, 1, '2015-10-22 07:00:00', '2015-10-22 07:00:00'),
	(20, 'permission.list', NULL, 1, 1, '2015-10-22 07:00:00', '2015-10-22 07:00:00'),
	(21, 'permission.group.add', NULL, 1, 1, '2015-10-22 07:00:00', '2015-10-22 07:00:00'),
	(22, 'permission.group.edit', NULL, 1, 1, '2015-10-22 07:00:00', '2015-10-22 07:00:00'),
	(23, 'permission.group.list', NULL, 1, 1, '2015-10-22 07:00:00', '2015-10-22 07:00:00'),
	(24, 'permission.group.delete', NULL, 1, 1, '2015-10-22 07:00:00', '2015-10-22 07:00:00'),
	(26, 'index', NULL, 1, 1, '2015-11-04 15:50:36', '2015-11-04 15:50:36'),
	(44, 'menu.delete', NULL, 1, 1, '2015-12-03 14:29:59', '2015-12-03 14:29:59'),
	(46, 'menu.delete', NULL, 1, 1, '2015-12-03 14:30:30', '2015-12-03 14:30:30'),
	(50, 'product.add', NULL, 1, NULL, NULL, NULL),
	(51, 'product.edit', NULL, 1, NULL, NULL, NULL),
	(52, 'product.delete', NULL, 1, NULL, NULL, NULL),
	(53, 'product.view', NULL, 1, NULL, NULL, NULL),
	(54, 'customer.add', NULL, 1, NULL, NULL, NULL),
	(55, 'customer.edit', NULL, 1, NULL, NULL, NULL),
	(56, 'customer.view', NULL, 1, NULL, NULL, NULL),
	(57, 'customer.delete', NULL, 1, NULL, NULL, NULL),
	(58, 'order.add', NULL, 1, NULL, NULL, NULL),
	(59, 'order.edit', NULL, 1, NULL, NULL, NULL),
	(60, 'order.view', NULL, 1, NULL, NULL, NULL),
	(61, 'order.delete', NULL, 1, NULL, NULL, NULL);
/*!40000 ALTER TABLE `permissions` ENABLE KEYS */;

-- Dumping structure for table systemdb.persistences
CREATE TABLE IF NOT EXISTS `persistences` (
  `id` int(10) unsigned NOT NULL AUTO_INCREMENT,
  `user_id` int(10) unsigned NOT NULL,
  `code` varchar(255) COLLATE utf8_unicode_ci NOT NULL,
  `created_at` timestamp NULL DEFAULT NULL,
  `updated_at` timestamp NULL DEFAULT NULL,
  PRIMARY KEY (`id`),
  UNIQUE KEY `persistences_code_unique` (`code`)
) ENGINE=InnoDB AUTO_INCREMENT=18 DEFAULT CHARSET=utf8 COLLATE=utf8_unicode_ci;

-- Dumping data for table systemdb.persistences: ~2 rows (approximately)
/*!40000 ALTER TABLE `persistences` DISABLE KEYS */;
INSERT INTO `persistences` (`id`, `user_id`, `code`, `created_at`, `updated_at`) VALUES
	(6, 1, 'YmqO4nu5ZkPckGpHYKBgA6KxYLmfgrLq', '2022-07-19 11:44:17', '2022-07-19 11:44:17'),
	(7, 1, 'N60v50OPC7U9lxBXP3u0UVfHNOqLTkr9', '2022-07-19 16:31:29', '2022-07-19 16:31:29');
/*!40000 ALTER TABLE `persistences` ENABLE KEYS */;

-- Dumping structure for table systemdb.product
CREATE TABLE IF NOT EXISTS `product` (
  `id` int(11) NOT NULL AUTO_INCREMENT,
  `product_Name` varchar(100) NOT NULL DEFAULT '0',
  `unit_Price` double NOT NULL DEFAULT '0',
  `created_at` timestamp NULL DEFAULT NULL,
  `updated_at` timestamp NULL DEFAULT NULL,
  `deleted_at` timestamp NULL DEFAULT NULL,
  `created_by` int(11) DEFAULT NULL,
  PRIMARY KEY (`id`)
) ENGINE=InnoDB AUTO_INCREMENT=5 DEFAULT CHARSET=latin1;

-- Dumping data for table systemdb.product: ~4 rows (approximately)
/*!40000 ALTER TABLE `product` DISABLE KEYS */;
INSERT INTO `product` (`id`, `product_Name`, `unit_Price`, `created_at`, `updated_at`, `deleted_at`, `created_by`) VALUES
	(1, 'test Product 1', 1000, '2022-07-19 16:47:54', '2022-07-19 23:12:56', NULL, 1),
	(2, 'test Product 2', 0, '2022-07-19 16:48:12', '2022-07-19 16:48:12', NULL, 1),
	(3, 'test Product 3', 0, '2022-07-19 16:48:18', '2022-07-19 18:03:15', '2022-07-19 18:03:15', 1),
	(4, 'test Product 4', 0, '2022-07-19 16:48:25', '2022-07-19 18:03:19', '2022-07-19 18:03:19', 1);
/*!40000 ALTER TABLE `product` ENABLE KEYS */;

-- Dumping structure for table systemdb.roles
CREATE TABLE IF NOT EXISTS `roles` (
  `id` int(10) unsigned NOT NULL AUTO_INCREMENT,
  `slug` varchar(255) COLLATE utf8_unicode_ci NOT NULL,
  `name` varchar(255) COLLATE utf8_unicode_ci NOT NULL,
  `permissions` text COLLATE utf8_unicode_ci,
  `created_by` int(20) DEFAULT NULL,
  `created_at` timestamp NULL DEFAULT NULL,
  `updated_at` timestamp NULL DEFAULT NULL,
  PRIMARY KEY (`id`),
  UNIQUE KEY `roles_slug_unique` (`slug`)
) ENGINE=InnoDB AUTO_INCREMENT=8 DEFAULT CHARSET=utf8 COLLATE=utf8_unicode_ci;

-- Dumping data for table systemdb.roles: ~2 rows (approximately)
/*!40000 ALTER TABLE `roles` DISABLE KEYS */;
INSERT INTO `roles` (`id`, `slug`, `name`, `permissions`, `created_by`, `created_at`, `updated_at`) VALUES
	(1, 'Admin', 'Admin', '{"admin":true,"index":true}', 1, '2015-10-26 09:46:31', '2015-11-04 08:50:50'),
	(3, 'User', 'User', '{"index":true,\r\n"product.add":true,\r\n"product.edit":true,\r\n"product.delete":true,\r\n"product.view":true,\r\n"customer.add":true,\r\n"customer.edit":true,\r\n"customer.view":true,\r\n"customer.delete":true,\r\n"order.add":true,\r\n"order.edit":true,\r\n"order.view":true,\r\n"order.delete":true\r\n}', 1, '2015-12-11 16:20:11', '2015-12-11 16:20:11');
/*!40000 ALTER TABLE `roles` ENABLE KEYS */;

-- Dumping structure for table systemdb.role_users
CREATE TABLE IF NOT EXISTS `role_users` (
  `user_id` int(10) unsigned NOT NULL,
  `role_id` int(10) unsigned NOT NULL,
  `created_at` timestamp NULL DEFAULT NULL,
  `updated_at` timestamp NULL DEFAULT NULL,
  PRIMARY KEY (`user_id`,`role_id`)
) ENGINE=InnoDB DEFAULT CHARSET=utf8 COLLATE=utf8_unicode_ci;

-- Dumping data for table systemdb.role_users: ~3 rows (approximately)
/*!40000 ALTER TABLE `role_users` DISABLE KEYS */;
INSERT INTO `role_users` (`user_id`, `role_id`, `created_at`, `updated_at`) VALUES
	(0, 3, '2022-07-20 20:56:51', '2022-07-20 20:56:51'),
	(1, 1, '2015-12-14 00:00:00', '2015-12-14 00:00:00'),
	(8, 3, '2015-12-31 08:47:31', '2015-12-31 08:47:31');
/*!40000 ALTER TABLE `role_users` ENABLE KEYS */;

-- Dumping structure for table systemdb.sales_order_detail
CREATE TABLE IF NOT EXISTS `sales_order_detail` (
  `id` int(11) NOT NULL AUTO_INCREMENT,
  `orderId` int(11) NOT NULL DEFAULT '0',
  `products` int(11) NOT NULL DEFAULT '0',
  `itemCount` int(11) NOT NULL DEFAULT '0',
  `unitPrice` double NOT NULL DEFAULT '0',
  `created_at` timestamp NULL DEFAULT NULL,
  `updated_at` timestamp NULL DEFAULT NULL,
  `deleted_at` timestamp NULL DEFAULT NULL,
  PRIMARY KEY (`id`)
) ENGINE=InnoDB AUTO_INCREMENT=30 DEFAULT CHARSET=latin1;

-- Dumping data for table systemdb.sales_order_detail: ~4 rows (approximately)
/*!40000 ALTER TABLE `sales_order_detail` DISABLE KEYS */;
INSERT INTO `sales_order_detail` (`id`, `orderId`, `products`, `itemCount`, `unitPrice`, `created_at`, `updated_at`, `deleted_at`) VALUES
	(26, 4, 2, 2, 1000, '2022-07-20 14:02:05', '2022-07-20 14:02:05', NULL),
	(27, 6, 1, 1000, 1, '2022-07-20 14:05:19', '2022-07-20 14:05:19', NULL),
	(28, 6, 2, 2, 1000, '2022-07-20 14:05:19', '2022-07-20 14:05:19', NULL),
	(29, 5, 1, 4, 1000, '2022-07-20 14:05:19', '2022-07-20 14:05:19', NULL);
/*!40000 ALTER TABLE `sales_order_detail` ENABLE KEYS */;

-- Dumping structure for table systemdb.sale_orders
CREATE TABLE IF NOT EXISTS `sale_orders` (
  `id` int(11) NOT NULL AUTO_INCREMENT,
  `customer` int(11) NOT NULL,
  `order_Date` date NOT NULL,
  `created_by` int(11) NOT NULL DEFAULT '0',
  `created_at` timestamp NOT NULL,
  `updated_at` timestamp NOT NULL,
  `deleted_at` timestamp NOT NULL,
  PRIMARY KEY (`id`)
) ENGINE=InnoDB AUTO_INCREMENT=10 DEFAULT CHARSET=latin1;

-- Dumping data for table systemdb.sale_orders: ~4 rows (approximately)
/*!40000 ALTER TABLE `sale_orders` DISABLE KEYS */;
INSERT INTO `sale_orders` (`id`, `customer`, `order_Date`, `created_by`, `created_at`, `updated_at`, `deleted_at`) VALUES
	(4, 2, '2022-06-20', 1, '2022-07-20 01:35:08', '2022-07-20 01:35:08', '0000-00-00 00:00:00'),
	(5, 2, '2022-05-20', 1, '2022-07-20 01:38:47', '2022-07-20 01:38:47', '0000-00-00 00:00:00'),
	(6, 3, '2022-07-30', 1, '2022-07-20 01:39:17', '2022-07-20 01:39:17', '0000-00-00 00:00:00'),
	(7, 2, '2022-07-20', 1, '2022-07-20 01:40:41', '2022-07-20 01:40:41', '0000-00-00 00:00:00');
/*!40000 ALTER TABLE `sale_orders` ENABLE KEYS */;

-- Dumping structure for table systemdb.throttle
CREATE TABLE IF NOT EXISTS `throttle` (
  `id` int(10) unsigned NOT NULL AUTO_INCREMENT,
  `user_id` int(10) unsigned DEFAULT NULL,
  `type` varchar(255) COLLATE utf8_unicode_ci NOT NULL,
  `ip` varchar(255) COLLATE utf8_unicode_ci DEFAULT NULL,
  `created_at` timestamp NULL DEFAULT NULL,
  `updated_at` timestamp NULL DEFAULT NULL,
  PRIMARY KEY (`id`),
  KEY `throttle_user_id_index` (`user_id`)
) ENGINE=InnoDB AUTO_INCREMENT=327 DEFAULT CHARSET=utf8 COLLATE=utf8_unicode_ci;

-- Dumping data for table systemdb.throttle: ~317 rows (approximately)
/*!40000 ALTER TABLE `throttle` DISABLE KEYS */;
INSERT INTO `throttle` (`id`, `user_id`, `type`, `ip`, `created_at`, `updated_at`) VALUES
	(1, NULL, 'global', NULL, '2015-07-11 11:35:27', '2015-07-11 11:35:27'),
	(2, NULL, 'ip', '127.0.0.1', '2015-07-11 11:35:28', '2015-07-11 11:35:28'),
	(3, NULL, 'global', NULL, '2015-07-11 11:36:28', '2015-07-11 11:36:28'),
	(4, NULL, 'ip', '127.0.0.1', '2015-07-11 11:36:28', '2015-07-11 11:36:28'),
	(5, NULL, 'global', NULL, '2015-07-13 10:14:23', '2015-07-13 10:14:23'),
	(6, NULL, 'ip', '127.0.0.1', '2015-07-13 10:14:23', '2015-07-13 10:14:23'),
	(7, 1, 'user', NULL, '2015-07-13 10:14:23', '2015-07-13 10:14:23'),
	(8, NULL, 'global', NULL, '2015-07-26 15:54:02', '2015-07-26 15:54:02'),
	(9, NULL, 'ip', '127.0.0.1', '2015-07-26 15:54:02', '2015-07-26 15:54:02'),
	(10, 1, 'user', NULL, '2015-07-26 15:54:02', '2015-07-26 15:54:02'),
	(11, NULL, 'global', NULL, '2015-08-13 15:18:09', '2015-08-13 15:18:09'),
	(12, NULL, 'ip', '127.0.0.1', '2015-08-13 15:18:09', '2015-08-13 15:18:09'),
	(13, 1, 'user', NULL, '2015-08-13 15:18:09', '2015-08-13 15:18:09'),
	(14, NULL, 'global', NULL, '2015-08-13 15:20:45', '2015-08-13 15:20:45'),
	(15, NULL, 'ip', '127.0.0.1', '2015-08-13 15:20:45', '2015-08-13 15:20:45'),
	(16, 1, 'user', NULL, '2015-08-13 15:20:45', '2015-08-13 15:20:45'),
	(17, NULL, 'global', NULL, '2015-08-18 09:01:17', '2015-08-18 09:01:17'),
	(18, NULL, 'ip', '127.0.0.1', '2015-08-18 09:01:17', '2015-08-18 09:01:17'),
	(19, 1, 'user', NULL, '2015-08-18 09:01:17', '2015-08-18 09:01:17'),
	(20, NULL, 'global', NULL, '2015-08-20 09:27:44', '2015-08-20 09:27:44'),
	(21, NULL, 'ip', '127.0.0.1', '2015-08-20 09:27:44', '2015-08-20 09:27:44'),
	(22, 1, 'user', NULL, '2015-08-20 09:27:45', '2015-08-20 09:27:45'),
	(23, NULL, 'global', NULL, '2015-08-20 10:22:53', '2015-08-20 10:22:53'),
	(24, NULL, 'ip', '127.0.0.1', '2015-08-20 10:22:53', '2015-08-20 10:22:53'),
	(25, 1, 'user', NULL, '2015-08-20 10:22:54', '2015-08-20 10:22:54'),
	(26, NULL, 'global', NULL, '2015-08-20 10:23:06', '2015-08-20 10:23:06'),
	(27, NULL, 'ip', '127.0.0.1', '2015-08-20 10:23:06', '2015-08-20 10:23:06'),
	(28, 1, 'user', NULL, '2015-08-20 10:23:06', '2015-08-20 10:23:06'),
	(29, NULL, 'global', NULL, '2015-08-20 10:23:09', '2015-08-20 10:23:09'),
	(30, NULL, 'ip', '127.0.0.1', '2015-08-20 10:23:09', '2015-08-20 10:23:09'),
	(31, 1, 'user', NULL, '2015-08-20 10:23:09', '2015-08-20 10:23:09'),
	(32, NULL, 'global', NULL, '2015-08-20 10:25:59', '2015-08-20 10:25:59'),
	(33, NULL, 'ip', '127.0.0.1', '2015-08-20 10:25:59', '2015-08-20 10:25:59'),
	(34, 1, 'user', NULL, '2015-08-20 10:25:59', '2015-08-20 10:25:59'),
	(35, NULL, 'global', NULL, '2015-08-20 10:26:18', '2015-08-20 10:26:18'),
	(36, NULL, 'ip', '127.0.0.1', '2015-08-20 10:26:19', '2015-08-20 10:26:19'),
	(37, 1, 'user', NULL, '2015-08-20 10:26:19', '2015-08-20 10:26:19'),
	(38, NULL, 'global', NULL, '2015-08-20 10:27:25', '2015-08-20 10:27:25'),
	(39, NULL, 'ip', '127.0.0.1', '2015-08-20 10:27:25', '2015-08-20 10:27:25'),
	(40, 1, 'user', NULL, '2015-08-20 10:27:25', '2015-08-20 10:27:25'),
	(41, NULL, 'global', NULL, '2015-08-24 20:36:12', '2015-08-24 20:36:12'),
	(42, NULL, 'ip', '127.0.0.1', '2015-08-24 20:36:12', '2015-08-24 20:36:12'),
	(43, NULL, 'global', NULL, '2015-08-24 20:38:25', '2015-08-24 20:38:25'),
	(44, NULL, 'ip', '127.0.0.1', '2015-08-24 20:38:25', '2015-08-24 20:38:25'),
	(45, NULL, 'global', NULL, '2015-08-24 20:39:09', '2015-08-24 20:39:09'),
	(46, NULL, 'ip', '127.0.0.1', '2015-08-24 20:39:09', '2015-08-24 20:39:09'),
	(47, NULL, 'global', NULL, '2015-08-24 20:39:44', '2015-08-24 20:39:44'),
	(48, NULL, 'ip', '127.0.0.1', '2015-08-24 20:39:44', '2015-08-24 20:39:44'),
	(49, NULL, 'global', NULL, '2015-08-24 20:39:49', '2015-08-24 20:39:49'),
	(50, NULL, 'ip', '127.0.0.1', '2015-08-24 20:39:50', '2015-08-24 20:39:50'),
	(51, NULL, 'global', NULL, '2015-08-24 20:41:29', '2015-08-24 20:41:29'),
	(52, NULL, 'ip', '127.0.0.1', '2015-08-24 20:41:29', '2015-08-24 20:41:29'),
	(53, NULL, 'global', NULL, '2015-08-25 12:56:45', '2015-08-25 12:56:45'),
	(54, NULL, 'ip', '127.0.0.1', '2015-08-25 12:56:45', '2015-08-25 12:56:45'),
	(55, NULL, 'global', NULL, '2015-08-26 13:18:20', '2015-08-26 13:18:20'),
	(56, NULL, 'ip', '192.168.1.35', '2015-08-26 13:18:21', '2015-08-26 13:18:21'),
	(57, NULL, 'global', NULL, '2015-08-26 13:18:23', '2015-08-26 13:18:23'),
	(58, NULL, 'ip', '192.168.1.35', '2015-08-26 13:18:23', '2015-08-26 13:18:23'),
	(59, NULL, 'global', NULL, '2015-08-26 13:18:27', '2015-08-26 13:18:27'),
	(60, NULL, 'ip', '192.168.1.35', '2015-08-26 13:18:27', '2015-08-26 13:18:27'),
	(61, NULL, 'global', NULL, '2015-08-26 13:18:31', '2015-08-26 13:18:31'),
	(62, NULL, 'ip', '192.168.1.35', '2015-08-26 13:18:31', '2015-08-26 13:18:31'),
	(63, NULL, 'global', NULL, '2015-08-26 13:18:36', '2015-08-26 13:18:36'),
	(64, NULL, 'ip', '192.168.1.35', '2015-08-26 13:18:36', '2015-08-26 13:18:36'),
	(65, NULL, 'global', NULL, '2015-08-26 13:18:48', '2015-08-26 13:18:48'),
	(66, NULL, 'global', NULL, '2015-08-27 08:50:50', '2015-08-27 08:50:50'),
	(67, NULL, 'ip', '127.0.0.1', '2015-08-27 08:50:50', '2015-08-27 08:50:50'),
	(68, 1, 'user', NULL, '2015-08-27 08:50:50', '2015-08-27 08:50:50'),
	(69, NULL, 'global', NULL, '2015-08-30 12:12:57', '2015-08-30 12:12:57'),
	(70, NULL, 'ip', '127.0.0.1', '2015-08-30 12:12:57', '2015-08-30 12:12:57'),
	(71, NULL, 'global', NULL, '2015-08-30 12:21:13', '2015-08-30 12:21:13'),
	(72, NULL, 'ip', '127.0.0.1', '2015-08-30 12:21:14', '2015-08-30 12:21:14'),
	(73, NULL, 'global', NULL, '2015-09-06 16:33:36', '2015-09-06 16:33:36'),
	(74, NULL, 'ip', '127.0.0.1', '2015-09-06 16:33:36', '2015-09-06 16:33:36'),
	(75, NULL, 'global', NULL, '2015-09-18 11:15:18', '2015-09-18 11:15:18'),
	(76, NULL, 'ip', '192.168.1.15', '2015-09-18 11:15:18', '2015-09-18 11:15:18'),
	(77, NULL, 'global', NULL, '2015-09-18 11:15:22', '2015-09-18 11:15:22'),
	(78, NULL, 'ip', '192.168.1.15', '2015-09-18 11:15:22', '2015-09-18 11:15:22'),
	(79, NULL, 'global', NULL, '2015-09-18 11:15:30', '2015-09-18 11:15:30'),
	(80, NULL, 'ip', '192.168.1.15', '2015-09-18 11:15:30', '2015-09-18 11:15:30'),
	(81, NULL, 'global', NULL, '2015-09-18 11:15:34', '2015-09-18 11:15:34'),
	(82, NULL, 'ip', '192.168.1.15', '2015-09-18 11:15:34', '2015-09-18 11:15:34'),
	(83, NULL, 'global', NULL, '2015-09-18 11:15:40', '2015-09-18 11:15:40'),
	(84, NULL, 'ip', '192.168.1.15', '2015-09-18 11:15:40', '2015-09-18 11:15:40'),
	(85, NULL, 'global', NULL, '2015-10-29 19:07:26', '2015-10-29 19:07:26'),
	(86, NULL, 'ip', '127.0.0.1', '2015-10-29 19:07:26', '2015-10-29 19:07:26'),
	(87, 1, 'user', NULL, '2015-10-29 19:07:26', '2015-10-29 19:07:26'),
	(88, NULL, 'global', NULL, '2015-10-29 19:07:30', '2015-10-29 19:07:30'),
	(89, NULL, 'ip', '127.0.0.1', '2015-10-29 19:07:30', '2015-10-29 19:07:30'),
	(90, 1, 'user', NULL, '2015-10-29 19:07:30', '2015-10-29 19:07:30'),
	(91, NULL, 'global', NULL, '2015-10-29 19:07:34', '2015-10-29 19:07:34'),
	(92, NULL, 'ip', '127.0.0.1', '2015-10-29 19:07:34', '2015-10-29 19:07:34'),
	(93, 1, 'user', NULL, '2015-10-29 19:07:34', '2015-10-29 19:07:34'),
	(94, NULL, 'global', NULL, '2015-10-29 19:07:41', '2015-10-29 19:07:41'),
	(95, NULL, 'ip', '127.0.0.1', '2015-10-29 19:07:41', '2015-10-29 19:07:41'),
	(96, 1, 'user', NULL, '2015-10-29 19:07:41', '2015-10-29 19:07:41'),
	(97, NULL, 'global', NULL, '2015-10-29 19:07:48', '2015-10-29 19:07:48'),
	(98, NULL, 'ip', '127.0.0.1', '2015-10-29 19:07:48', '2015-10-29 19:07:48'),
	(99, 1, 'user', NULL, '2015-10-29 19:07:48', '2015-10-29 19:07:48'),
	(100, NULL, 'global', NULL, '2015-10-29 19:07:52', '2015-10-29 19:07:52'),
	(101, NULL, 'ip', '127.0.0.1', '2015-10-29 19:07:52', '2015-10-29 19:07:52'),
	(102, 1, 'user', NULL, '2015-10-29 19:07:52', '2015-10-29 19:07:52'),
	(103, NULL, 'global', NULL, '2015-11-04 08:43:02', '2015-11-04 08:43:02'),
	(104, NULL, 'ip', '127.0.0.1', '2015-11-04 08:43:02', '2015-11-04 08:43:02'),
	(105, 1, 'user', NULL, '2015-11-04 08:43:02', '2015-11-04 08:43:02'),
	(106, NULL, 'global', NULL, '2015-11-07 16:56:55', '2015-11-07 16:56:55'),
	(107, NULL, 'ip', '127.0.0.1', '2015-11-07 16:56:55', '2015-11-07 16:56:55'),
	(108, NULL, 'global', NULL, '2015-11-07 16:57:01', '2015-11-07 16:57:01'),
	(109, NULL, 'ip', '127.0.0.1', '2015-11-07 16:57:01', '2015-11-07 16:57:01'),
	(110, NULL, 'global', NULL, '2015-11-18 23:39:36', '2015-11-18 23:39:36'),
	(111, NULL, 'ip', '127.0.0.1', '2015-11-18 23:39:36', '2015-11-18 23:39:36'),
	(112, NULL, 'global', NULL, '2015-11-18 23:39:43', '2015-11-18 23:39:43'),
	(113, NULL, 'ip', '127.0.0.1', '2015-11-18 23:39:43', '2015-11-18 23:39:43'),
	(114, NULL, 'global', NULL, '2015-11-18 23:42:14', '2015-11-18 23:42:14'),
	(115, NULL, 'ip', '127.0.0.1', '2015-11-18 23:42:14', '2015-11-18 23:42:14'),
	(116, NULL, 'global', NULL, '2015-11-18 23:42:27', '2015-11-18 23:42:27'),
	(117, NULL, 'ip', '127.0.0.1', '2015-11-18 23:42:27', '2015-11-18 23:42:27'),
	(118, NULL, 'global', NULL, '2015-11-18 23:42:36', '2015-11-18 23:42:36'),
	(119, NULL, 'ip', '127.0.0.1', '2015-11-18 23:42:36', '2015-11-18 23:42:36'),
	(120, NULL, 'global', NULL, '2015-11-19 01:57:03', '2015-11-19 01:57:03'),
	(121, NULL, 'ip', '::1', '2015-11-19 01:57:03', '2015-11-19 01:57:03'),
	(122, NULL, 'global', NULL, '2015-11-19 01:57:06', '2015-11-19 01:57:06'),
	(123, NULL, 'ip', '::1', '2015-11-19 01:57:06', '2015-11-19 01:57:06'),
	(124, NULL, 'global', NULL, '2015-11-19 02:56:24', '2015-11-19 02:56:24'),
	(125, NULL, 'ip', '::1', '2015-11-19 02:56:24', '2015-11-19 02:56:24'),
	(126, 1, 'user', NULL, '2015-11-19 02:56:24', '2015-11-19 02:56:24'),
	(127, NULL, 'global', NULL, '2015-11-19 02:56:27', '2015-11-19 02:56:27'),
	(128, NULL, 'ip', '::1', '2015-11-19 02:56:27', '2015-11-19 02:56:27'),
	(129, 1, 'user', NULL, '2015-11-19 02:56:27', '2015-11-19 02:56:27'),
	(130, NULL, 'global', NULL, '2015-11-23 23:43:05', '2015-11-23 23:43:05'),
	(131, NULL, 'ip', '::1', '2015-11-23 23:43:05', '2015-11-23 23:43:05'),
	(132, 1, 'user', NULL, '2015-11-23 23:43:05', '2015-11-23 23:43:05'),
	(133, NULL, 'global', NULL, '2015-11-24 06:44:15', '2015-11-24 06:44:15'),
	(134, NULL, 'ip', '::1', '2015-11-24 06:44:15', '2015-11-24 06:44:15'),
	(135, NULL, 'global', NULL, '2015-12-03 06:42:12', '2015-12-03 06:42:12'),
	(136, NULL, 'ip', '::1', '2015-12-03 06:42:12', '2015-12-03 06:42:12'),
	(137, 1, 'user', NULL, '2015-12-03 06:42:12', '2015-12-03 06:42:12'),
	(138, NULL, 'global', NULL, '2015-12-03 08:02:03', '2015-12-03 08:02:03'),
	(139, NULL, 'ip', '::1', '2015-12-03 08:02:03', '2015-12-03 08:02:03'),
	(140, 1, 'user', NULL, '2015-12-03 08:02:03', '2015-12-03 08:02:03'),
	(141, NULL, 'global', NULL, '2015-12-03 23:12:59', '2015-12-03 23:12:59'),
	(142, NULL, 'ip', '127.0.0.1', '2015-12-03 23:12:59', '2015-12-03 23:12:59'),
	(143, 1, 'user', NULL, '2015-12-03 23:12:59', '2015-12-03 23:12:59'),
	(144, NULL, 'global', NULL, '2015-12-03 23:13:02', '2015-12-03 23:13:02'),
	(145, NULL, 'ip', '127.0.0.1', '2015-12-03 23:13:02', '2015-12-03 23:13:02'),
	(146, 1, 'user', NULL, '2015-12-03 23:13:02', '2015-12-03 23:13:02'),
	(147, NULL, 'global', NULL, '2015-12-14 10:25:50', '2015-12-14 10:25:50'),
	(148, NULL, 'ip', '::1', '2015-12-14 10:25:50', '2015-12-14 10:25:50'),
	(149, NULL, 'global', NULL, '2015-12-31 08:42:36', '2015-12-31 08:42:36'),
	(150, NULL, 'ip', '::1', '2015-12-31 08:42:36', '2015-12-31 08:42:36'),
	(151, NULL, 'global', NULL, '2015-12-31 08:47:54', '2015-12-31 08:47:54'),
	(152, NULL, 'ip', '::1', '2015-12-31 08:47:54', '2015-12-31 08:47:54'),
	(153, 8, 'user', NULL, '2015-12-31 08:47:55', '2015-12-31 08:47:55'),
	(154, NULL, 'global', NULL, '2015-12-31 08:48:17', '2015-12-31 08:48:17'),
	(155, NULL, 'ip', '::1', '2015-12-31 08:48:17', '2015-12-31 08:48:17'),
	(156, 8, 'user', NULL, '2015-12-31 08:48:17', '2015-12-31 08:48:17'),
	(157, NULL, 'global', NULL, '2015-12-31 08:49:38', '2015-12-31 08:49:38'),
	(158, NULL, 'ip', '::1', '2015-12-31 08:49:38', '2015-12-31 08:49:38'),
	(160, NULL, 'global', NULL, '2016-01-05 00:26:38', '2016-01-05 00:26:38'),
	(161, NULL, 'ip', '127.0.0.1', '2016-01-05 00:26:38', '2016-01-05 00:26:38'),
	(162, NULL, 'global', NULL, '2016-01-05 00:27:11', '2016-01-05 00:27:11'),
	(163, NULL, 'ip', '127.0.0.1', '2016-01-05 00:27:11', '2016-01-05 00:27:11'),
	(164, 1, 'user', NULL, '2016-01-05 00:27:11', '2016-01-05 00:27:11'),
	(165, NULL, 'global', NULL, '2016-01-05 00:27:17', '2016-01-05 00:27:17'),
	(166, NULL, 'ip', '127.0.0.1', '2016-01-05 00:27:17', '2016-01-05 00:27:17'),
	(167, 1, 'user', NULL, '2016-01-05 00:27:17', '2016-01-05 00:27:17'),
	(168, NULL, 'global', NULL, '2016-01-05 03:30:01', '2016-01-05 03:30:01'),
	(169, NULL, 'ip', '::1', '2016-01-05 03:30:01', '2016-01-05 03:30:01'),
	(170, 1, 'user', NULL, '2016-01-05 03:30:01', '2016-01-05 03:30:01'),
	(171, NULL, 'global', NULL, '2016-01-06 04:35:03', '2016-01-06 04:35:03'),
	(172, NULL, 'ip', '::1', '2016-01-06 04:35:04', '2016-01-06 04:35:04'),
	(173, NULL, 'global', NULL, '2016-01-06 04:35:12', '2016-01-06 04:35:12'),
	(174, NULL, 'ip', '::1', '2016-01-06 04:35:12', '2016-01-06 04:35:12'),
	(175, NULL, 'global', NULL, '2016-01-06 04:35:16', '2016-01-06 04:35:16'),
	(176, NULL, 'ip', '::1', '2016-01-06 04:35:16', '2016-01-06 04:35:16'),
	(177, NULL, 'global', NULL, '2016-04-09 08:33:01', '2016-04-09 08:33:01'),
	(178, NULL, 'ip', '127.0.0.1', '2016-04-09 08:33:01', '2016-04-09 08:33:01'),
	(179, NULL, 'global', NULL, '2016-04-09 08:33:06', '2016-04-09 08:33:06'),
	(180, NULL, 'ip', '127.0.0.1', '2016-04-09 08:33:06', '2016-04-09 08:33:06'),
	(181, NULL, 'global', NULL, '2016-04-11 09:53:58', '2016-04-11 09:53:58'),
	(182, NULL, 'ip', '127.0.0.1', '2016-04-11 09:53:58', '2016-04-11 09:53:58'),
	(183, NULL, 'global', NULL, '2016-04-26 16:06:39', '2016-04-26 16:06:39'),
	(184, NULL, 'ip', '::1', '2016-04-26 16:06:39', '2016-04-26 16:06:39'),
	(186, NULL, 'global', NULL, '2016-04-26 17:31:51', '2016-04-26 17:31:51'),
	(187, NULL, 'ip', '127.0.0.1', '2016-04-26 17:31:51', '2016-04-26 17:31:51'),
	(188, NULL, 'global', NULL, '2016-04-26 17:31:55', '2016-04-26 17:31:55'),
	(189, NULL, 'ip', '127.0.0.1', '2016-04-26 17:31:55', '2016-04-26 17:31:55'),
	(190, NULL, 'global', NULL, '2016-04-26 17:32:01', '2016-04-26 17:32:01'),
	(191, NULL, 'ip', '127.0.0.1', '2016-04-26 17:32:01', '2016-04-26 17:32:01'),
	(192, NULL, 'global', NULL, '2016-04-27 08:52:37', '2016-04-27 08:52:37'),
	(193, NULL, 'ip', '127.0.0.1', '2016-04-27 08:52:37', '2016-04-27 08:52:37'),
	(195, NULL, 'global', NULL, '2016-04-27 09:10:22', '2016-04-27 09:10:22'),
	(196, NULL, 'ip', '127.0.0.1', '2016-04-27 09:10:22', '2016-04-27 09:10:22'),
	(198, NULL, 'global', NULL, '2016-04-27 09:24:29', '2016-04-27 09:24:29'),
	(199, NULL, 'ip', '127.0.0.1', '2016-04-27 09:24:29', '2016-04-27 09:24:29'),
	(200, 1, 'user', NULL, '2016-04-27 09:24:29', '2016-04-27 09:24:29'),
	(201, NULL, 'global', NULL, '2016-04-27 09:51:06', '2016-04-27 09:51:06'),
	(202, NULL, 'ip', '127.0.0.1', '2016-04-27 09:51:06', '2016-04-27 09:51:06'),
	(203, 1, 'user', NULL, '2016-04-27 09:51:06', '2016-04-27 09:51:06'),
	(204, NULL, 'global', NULL, '2016-06-20 10:32:37', '2016-06-20 10:32:37'),
	(205, NULL, 'ip', '172.16.2.2', '2016-06-20 10:32:37', '2016-06-20 10:32:37'),
	(206, 1, 'user', NULL, '2016-06-20 10:32:37', '2016-06-20 10:32:37'),
	(207, NULL, 'global', NULL, '2016-07-01 03:59:21', '2016-07-01 03:59:21'),
	(208, NULL, 'ip', '123.231.122.71', '2016-07-01 03:59:21', '2016-07-01 03:59:21'),
	(209, NULL, 'global', NULL, '2016-07-01 03:59:26', '2016-07-01 03:59:26'),
	(210, NULL, 'ip', '123.231.122.71', '2016-07-01 03:59:26', '2016-07-01 03:59:26'),
	(211, NULL, 'global', NULL, '2016-07-01 03:59:35', '2016-07-01 03:59:35'),
	(212, NULL, 'ip', '123.231.122.71', '2016-07-01 03:59:35', '2016-07-01 03:59:35'),
	(213, NULL, 'global', NULL, '2016-07-02 03:58:03', '2016-07-02 03:58:03'),
	(214, NULL, 'ip', '112.134.66.139', '2016-07-02 03:58:03', '2016-07-02 03:58:03'),
	(215, NULL, 'global', NULL, '2016-07-02 05:17:47', '2016-07-02 05:17:47'),
	(216, NULL, 'ip', '103.247.50.159', '2016-07-02 05:17:47', '2016-07-02 05:17:47'),
	(217, NULL, 'global', NULL, '2016-07-08 04:14:48', '2016-07-08 04:14:48'),
	(218, NULL, 'ip', '123.231.122.251', '2016-07-08 04:14:48', '2016-07-08 04:14:48'),
	(219, NULL, 'global', NULL, '2016-07-08 04:14:52', '2016-07-08 04:14:52'),
	(220, NULL, 'ip', '123.231.122.251', '2016-07-08 04:14:52', '2016-07-08 04:14:52'),
	(221, NULL, 'global', NULL, '2016-07-08 04:15:00', '2016-07-08 04:15:00'),
	(222, NULL, 'ip', '123.231.122.251', '2016-07-08 04:15:00', '2016-07-08 04:15:00'),
	(223, NULL, 'global', NULL, '2016-07-08 04:15:11', '2016-07-08 04:15:11'),
	(224, NULL, 'ip', '123.231.122.251', '2016-07-08 04:15:11', '2016-07-08 04:15:11'),
	(225, NULL, 'global', NULL, '2016-07-17 02:12:27', '2016-07-17 02:12:27'),
	(226, NULL, 'ip', '112.134.34.19', '2016-07-17 02:12:27', '2016-07-17 02:12:27'),
	(227, NULL, 'global', NULL, '2016-07-17 02:12:31', '2016-07-17 02:12:31'),
	(228, NULL, 'ip', '112.134.34.19', '2016-07-17 02:12:31', '2016-07-17 02:12:31'),
	(229, NULL, 'global', NULL, '2016-07-22 09:04:09', '2016-07-22 09:04:09'),
	(230, NULL, 'ip', '112.134.64.176', '2016-07-22 09:04:09', '2016-07-22 09:04:09'),
	(232, NULL, 'global', NULL, '2016-07-22 09:04:20', '2016-07-22 09:04:20'),
	(233, NULL, 'ip', '112.134.64.176', '2016-07-22 09:04:20', '2016-07-22 09:04:20'),
	(235, NULL, 'global', NULL, '2016-07-22 09:04:22', '2016-07-22 09:04:22'),
	(236, NULL, 'ip', '112.134.64.176', '2016-07-22 09:04:22', '2016-07-22 09:04:22'),
	(238, NULL, 'global', NULL, '2016-07-22 09:04:44', '2016-07-22 09:04:44'),
	(239, NULL, 'ip', '112.134.64.176', '2016-07-22 09:04:44', '2016-07-22 09:04:44'),
	(241, NULL, 'global', NULL, '2016-07-22 09:05:13', '2016-07-22 09:05:13'),
	(242, NULL, 'ip', '112.134.64.176', '2016-07-22 09:05:13', '2016-07-22 09:05:13'),
	(244, NULL, 'global', NULL, '2016-07-27 13:24:14', '2016-07-27 13:24:14'),
	(245, NULL, 'ip', '82.145.217.195', '2016-07-27 13:24:14', '2016-07-27 13:24:14'),
	(246, NULL, 'global', NULL, '2016-07-28 01:14:34', '2016-07-28 01:14:34'),
	(247, NULL, 'ip', '203.94.94.234', '2016-07-28 01:14:34', '2016-07-28 01:14:34'),
	(248, NULL, 'global', NULL, '2016-07-28 22:55:54', '2016-07-28 22:55:54'),
	(249, NULL, 'ip', '124.43.86.47', '2016-07-28 22:55:54', '2016-07-28 22:55:54'),
	(250, NULL, 'global', NULL, '2016-07-28 22:56:28', '2016-07-28 22:56:28'),
	(251, NULL, 'ip', '124.43.86.47', '2016-07-28 22:56:28', '2016-07-28 22:56:28'),
	(252, NULL, 'global', NULL, '2016-07-28 22:57:10', '2016-07-28 22:57:10'),
	(253, NULL, 'ip', '124.43.86.47', '2016-07-28 22:57:10', '2016-07-28 22:57:10'),
	(254, NULL, 'global', NULL, '2016-07-28 22:57:24', '2016-07-28 22:57:24'),
	(255, NULL, 'ip', '124.43.86.47', '2016-07-28 22:57:24', '2016-07-28 22:57:24'),
	(256, NULL, 'global', NULL, '2016-07-29 05:18:14', '2016-07-29 05:18:14'),
	(257, NULL, 'ip', '112.134.65.41', '2016-07-29 05:18:14', '2016-07-29 05:18:14'),
	(258, NULL, 'global', NULL, '2016-08-03 02:02:35', '2016-08-03 02:02:35'),
	(259, NULL, 'ip', '31.7.100.81', '2016-08-03 02:02:35', '2016-08-03 02:02:35'),
	(260, NULL, 'global', NULL, '2016-08-16 00:08:43', '2016-08-16 00:08:43'),
	(261, NULL, 'ip', '124.43.24.98', '2016-08-16 00:08:43', '2016-08-16 00:08:43'),
	(262, NULL, 'global', NULL, '2016-08-17 03:28:11', '2016-08-17 03:28:11'),
	(263, NULL, 'ip', '121.54.54.48', '2016-08-17 03:28:11', '2016-08-17 03:28:11'),
	(264, NULL, 'global', NULL, '2016-08-23 00:16:40', '2016-08-23 00:16:40'),
	(265, NULL, 'ip', '123.231.121.121', '2016-08-23 00:16:40', '2016-08-23 00:16:40'),
	(266, NULL, 'global', NULL, '2016-08-26 20:52:19', '2016-08-26 20:52:19'),
	(267, NULL, 'ip', '112.134.67.54', '2016-08-26 20:52:19', '2016-08-26 20:52:19'),
	(268, NULL, 'global', NULL, '2016-08-26 20:52:36', '2016-08-26 20:52:36'),
	(269, NULL, 'ip', '112.134.67.54', '2016-08-26 20:52:36', '2016-08-26 20:52:36'),
	(270, NULL, 'global', NULL, '2016-08-26 20:53:00', '2016-08-26 20:53:00'),
	(271, NULL, 'ip', '112.134.67.54', '2016-08-26 20:53:00', '2016-08-26 20:53:00'),
	(272, NULL, 'global', NULL, '2016-08-26 20:55:20', '2016-08-26 20:55:20'),
	(273, NULL, 'ip', '112.134.67.54', '2016-08-26 20:55:20', '2016-08-26 20:55:20'),
	(274, NULL, 'global', NULL, '2016-08-26 20:57:04', '2016-08-26 20:57:04'),
	(275, NULL, 'ip', '112.134.67.54', '2016-08-26 20:57:04', '2016-08-26 20:57:04'),
	(276, NULL, 'global', NULL, '2016-08-26 20:57:23', '2016-08-26 20:57:23'),
	(277, NULL, 'ip', '112.134.67.54', '2016-08-26 20:57:23', '2016-08-26 20:57:23'),
	(278, NULL, 'global', NULL, '2016-08-27 02:50:47', '2016-08-27 02:50:47'),
	(279, NULL, 'ip', '220.247.241.228', '2016-08-27 02:50:47', '2016-08-27 02:50:47'),
	(280, NULL, 'global', NULL, '2016-08-27 02:50:59', '2016-08-27 02:50:59'),
	(281, NULL, 'ip', '220.247.241.228', '2016-08-27 02:50:59', '2016-08-27 02:50:59'),
	(282, NULL, 'global', NULL, '2016-08-30 05:36:44', '2016-08-30 05:36:44'),
	(283, NULL, 'ip', '112.134.70.22', '2016-08-30 05:36:44', '2016-08-30 05:36:44'),
	(284, NULL, 'global', NULL, '2016-09-02 04:34:22', '2016-09-02 04:34:22'),
	(285, NULL, 'ip', '112.134.38.97', '2016-09-02 04:34:22', '2016-09-02 04:34:22'),
	(286, NULL, 'global', NULL, '2016-09-02 04:34:28', '2016-09-02 04:34:28'),
	(287, NULL, 'ip', '112.134.38.97', '2016-09-02 04:34:28', '2016-09-02 04:34:28'),
	(288, NULL, 'global', NULL, '2016-09-06 19:59:48', '2016-09-06 19:59:48'),
	(289, NULL, 'ip', '202.162.204.61', '2016-09-06 19:59:48', '2016-09-06 19:59:48'),
	(290, NULL, 'global', NULL, '2016-09-10 00:29:14', '2016-09-10 00:29:14'),
	(291, NULL, 'ip', '123.231.106.251', '2016-09-10 00:29:14', '2016-09-10 00:29:14'),
	(292, NULL, 'global', NULL, '2016-09-10 00:29:54', '2016-09-10 00:29:54'),
	(293, NULL, 'ip', '123.231.106.251', '2016-09-10 00:29:54', '2016-09-10 00:29:54'),
	(294, NULL, 'global', NULL, '2016-09-10 00:29:58', '2016-09-10 00:29:58'),
	(295, NULL, 'ip', '123.231.106.251', '2016-09-10 00:29:58', '2016-09-10 00:29:58'),
	(296, NULL, 'global', NULL, '2016-09-10 00:30:28', '2016-09-10 00:30:28'),
	(297, NULL, 'ip', '123.231.106.251', '2016-09-10 00:30:28', '2016-09-10 00:30:28'),
	(298, NULL, 'global', NULL, '2016-09-10 00:31:20', '2016-09-10 00:31:20'),
	(299, NULL, 'ip', '123.231.106.251', '2016-09-10 00:31:20', '2016-09-10 00:31:20'),
	(300, NULL, 'global', NULL, '2016-09-10 00:31:55', '2016-09-10 00:31:55'),
	(301, NULL, 'ip', '123.231.106.251', '2016-09-10 00:31:55', '2016-09-10 00:31:55'),
	(302, NULL, 'global', NULL, '2016-09-14 23:22:24', '2016-09-14 23:22:24'),
	(303, NULL, 'ip', '112.134.71.51', '2016-09-14 23:22:24', '2016-09-14 23:22:24'),
	(304, 1, 'user', NULL, '2016-09-14 23:22:24', '2016-09-14 23:22:24'),
	(305, NULL, 'global', NULL, '2016-09-27 05:43:13', '2016-09-27 05:43:13'),
	(306, NULL, 'ip', '203.189.188.39', '2016-09-27 05:43:13', '2016-09-27 05:43:13'),
	(307, NULL, 'global', NULL, '2016-09-27 05:43:22', '2016-09-27 05:43:22'),
	(308, NULL, 'ip', '203.189.188.39', '2016-09-27 05:43:22', '2016-09-27 05:43:22'),
	(309, NULL, 'global', NULL, '2016-09-30 23:26:08', '2016-09-30 23:26:08'),
	(310, NULL, 'ip', '123.231.111.234', '2016-09-30 23:26:08', '2016-09-30 23:26:08'),
	(311, NULL, 'global', NULL, '2016-09-30 23:26:09', '2016-09-30 23:26:09'),
	(312, NULL, 'ip', '123.231.111.234', '2016-09-30 23:26:09', '2016-09-30 23:26:09'),
	(313, NULL, 'global', NULL, '2016-09-30 23:32:09', '2016-09-30 23:32:09'),
	(314, NULL, 'ip', '123.231.111.234', '2016-09-30 23:32:09', '2016-09-30 23:32:09'),
	(315, NULL, 'global', NULL, '2016-10-02 09:13:50', '2016-10-02 09:13:50'),
	(316, NULL, 'ip', '41.143.55.243', '2016-10-02 09:13:50', '2016-10-02 09:13:50'),
	(317, NULL, 'global', NULL, '2016-10-04 03:08:46', '2016-10-04 03:08:46'),
	(318, NULL, 'ip', '122.255.11.211', '2016-10-04 03:08:46', '2016-10-04 03:08:46'),
	(319, NULL, 'global', NULL, '2016-10-04 03:08:56', '2016-10-04 03:08:56'),
	(320, NULL, 'ip', '122.255.11.211', '2016-10-04 03:08:56', '2016-10-04 03:08:56'),
	(321, NULL, 'global', NULL, '2018-04-09 10:54:03', '2018-04-09 10:54:03'),
	(322, NULL, 'ip', '127.0.0.1', '2018-04-09 10:54:03', '2018-04-09 10:54:03'),
	(323, 1, 'user', NULL, '2018-04-09 10:54:03', '2018-04-09 10:54:03'),
	(324, NULL, 'global', NULL, '2018-04-09 10:54:13', '2018-04-09 10:54:13'),
	(325, NULL, 'ip', '127.0.0.1', '2018-04-09 10:54:13', '2018-04-09 10:54:13'),
	(326, 1, 'user', NULL, '2018-04-09 10:54:13', '2018-04-09 10:54:13');
/*!40000 ALTER TABLE `throttle` ENABLE KEYS */;

-- Dumping structure for table systemdb.users
CREATE TABLE IF NOT EXISTS `users` (
  `id` int(10) unsigned NOT NULL,
  `first_name` varchar(255) COLLATE utf8_unicode_ci DEFAULT NULL,
  `last_name` varchar(255) COLLATE utf8_unicode_ci DEFAULT NULL,
  `username` varchar(255) COLLATE utf8_unicode_ci DEFAULT NULL,
  `email` varchar(255) COLLATE utf8_unicode_ci NOT NULL,
  `password` varchar(255) COLLATE utf8_unicode_ci NOT NULL,
  `permissions` text COLLATE utf8_unicode_ci,
  `last_login` timestamp NULL DEFAULT NULL,
  `supervisor_id` int(25) DEFAULT NULL,
  `lft` int(25) DEFAULT NULL,
  `rgt` int(25) DEFAULT NULL,
  `depth` int(10) DEFAULT NULL,
  `status` tinyint(1) DEFAULT '1',
  `created_at` timestamp NULL DEFAULT NULL,
  `updated_at` timestamp NULL DEFAULT NULL,
  `deleted_at` timestamp NULL DEFAULT NULL
) ENGINE=InnoDB DEFAULT CHARSET=utf8 COLLATE=utf8_unicode_ci;

-- Dumping data for table systemdb.users: ~2 rows (approximately)
/*!40000 ALTER TABLE `users` DISABLE KEYS */;
INSERT INTO `users` (`id`, `first_name`, `last_name`, `username`, `email`, `password`, `permissions`, `last_login`, `supervisor_id`, `lft`, `rgt`, `depth`, `status`, `created_at`, `updated_at`, `deleted_at`) VALUES
	(1, 'Super', 'Administrator', 'super.admin', 'admin@admin.lk', '$2y$10$vJ0/.9l8qByoN/ZFJlzew.U3SUrYnsI6QoPezSfeo9qDQYLJSjC/O', '{"admin":true,"index":true}', '2022-07-20 21:10:03', NULL, 1, 2, 0, 1, '2015-07-11 00:39:31', '2022-07-20 21:10:09', NULL),
	(0, 'test', 'test', 'testUser', 'test@gmail.com', '$2y$10$6ykQQN7H/tHpDwX5pdid4e.N1f11GLBl0HLZWmODCLg9cib.ASRlC', NULL, '2022-07-20 22:13:51', NULL, 3, 4, 0, 1, '2022-07-20 20:56:51', '2022-07-20 22:13:56', NULL);
/*!40000 ALTER TABLE `users` ENABLE KEYS */;

/*!40101 SET SQL_MODE=IFNULL(@OLD_SQL_MODE, '') */;
/*!40014 SET FOREIGN_KEY_CHECKS=IFNULL(@OLD_FOREIGN_KEY_CHECKS, 1) */;
/*!40101 SET CHARACTER_SET_CLIENT=@OLD_CHARACTER_SET_CLIENT */;
/*!40111 SET SQL_NOTES=IFNULL(@OLD_SQL_NOTES, 1) */;
